,n,rho,mu,distribution,mean_waiting_time,ci_lower,ci_upper,variance,number_of_customers
0,1,0.5,1,M_M_N,0.8769174141525675,0.6438253580453875,1.1100094702597474,1.3799922088481218,100
1,1,0.5,1,M_M_N,1.0774501530027252,0.8788756788553542,1.2760246271500961,2.0280663420719005,200
2,1,0.5,1,M_M_N,1.014229829513102,0.840520003663523,1.187939655362681,2.337496008047207,300
3,1,0.5,1,M_M_N,0.949104581369371,0.8069615542929616,1.0912476084457805,2.0911067592911876,400
4,1,0.5,1,M_M_N,0.9489630428028695,0.8149477283184828,1.082978357287256,2.3263410280910475,500
5,1,0.5,1,M_M_N,1.0282010579417418,0.8939940036169797,1.162408112266504,2.8018761583118663,600
6,1,0.5,1,M_M_N,0.941343542946063,0.8222226096465197,1.0604644762456064,2.576752792158215,700
7,1,0.5,1,M_M_N,0.9423828259275964,0.8310135661018139,1.0537520857533789,2.575180808134816,800
8,1,0.5,1,M_M_N,0.937087885351173,0.8341096880036464,1.0400660826986998,2.4778026673488567,900
9,1,0.5,1,M_M_N,0.8974550043697762,0.8026395085680291,0.9922705001715233,2.3345838719052185,1000
10,1,0.5,1,M_M_N,1.093123802823141,1.008284318461295,1.1779632871849868,3.7428617227160506,2000
11,1,0.5,1,M_M_N,1.1065641369403936,1.0358568195435853,1.1772714543372018,3.901244525667683,3000
12,1,0.5,1,M_M_N,1.0339346942417036,0.9760230725224099,1.0918463159609972,3.4900554845234466,4000
13,1,0.5,1,M_M_N,0.9660246227648526,0.9169378971256013,1.0151113484041039,3.1346685027661114,5000
14,1,0.5,1,M_M_N,0.9535483145278927,0.90950881993183,0.9975878091239554,3.028059861272447,6000
15,1,0.5,1,M_M_N,0.967466726762803,0.9266231776260005,1.0083102758996054,3.038775273074402,7000
16,1,0.5,1,M_M_N,0.9850917705222443,0.9463306169038787,1.0238529241406098,3.127920839468376,8000
17,1,0.5,1,M_M_N,1.0087182458339141,0.9720818914668347,1.0453546002009935,3.1437933928282424,9000
18,1,0.5,1,M_M_N,1.0289733427691503,0.9940196333205311,1.0639270522177695,3.1796931704656237,10000
19,1,0.5,1,M_M_N,1.0237901632460442,0.9990248937655817,1.0485554327265068,3.19276798612069,20000
20,1,0.5,1,M_M_N,1.0174407149712539,0.9973692223772782,1.0375122075652294,3.1459322548317603,30000
21,1,0.5,1,M_M_N,1.0186155441930926,0.9985481796012537,1.0386829087849316,3.1494605399714497,40000
22,1,0.5,1,M_M_N,1.0186155441930926,0.9985481796012537,1.0386829087849316,3.1494605399714497,50000
23,1,0.5,1,M_M_N,1.0186155441930926,0.9985481796012537,1.0386829087849316,3.1494605399714497,60000
24,1,0.5,1,M_M_N,1.0186155441930926,0.9985481796012537,1.0386829087849316,3.1494605399714497,70000
25,1,0.5,1,M_M_N,1.0186155441930926,0.9985481796012537,1.0386829087849316,3.1494605399714497,80000
26,1,0.5,1,M_M_N,1.0186155441930926,0.9985481796012537,1.0386829087849316,3.1494605399714497,90000
27,1,0.5,1,M_M_N,1.0186155441930926,0.9985481796012537,1.0386829087849316,3.1494605399714497,100000
28,1,0.6,1,M_M_N,2.0053331582542078,1.6203823722235766,2.390283944284839,3.763848293775198,100
29,1,0.6,1,M_M_N,1.9333917676445276,1.5803236894475687,2.2864598458414864,6.4113903989268906,200
30,1,0.6,1,M_M_N,2.006671808042841,1.7381160651375323,2.2752275509481494,5.586901260331386,300
31,1,0.6,1,M_M_N,1.845598748355562,1.621986094405983,2.069211402305141,5.1750891789522475,400
32,1,0.6,1,M_M_N,1.7622334525340722,1.570544044930296,1.9539228601378482,4.759493641363063,500
33,1,0.6,1,M_M_N,2.016297897270928,1.8207568330690538,2.211838961472802,5.9480443233581815,600
34,1,0.6,1,M_M_N,2.044708728551778,1.866274309994859,2.2231431471086966,5.78167719809002,700
35,1,0.6,1,M_M_N,1.9069646243078793,1.7446284758872903,2.069300772728468,5.471514265603759,800
36,1,0.6,1,M_M_N,2.0115007933632225,1.850112878388924,2.172888708337521,6.085806888989269,900
37,1,0.6,1,M_M_N,1.904055643478918,1.7552958580055846,2.0528154289522513,5.746745004686231,1000
38,1,0.6,1,M_M_N,1.5976586589572874,1.5007294156042184,1.6945879023103565,4.885594153464439,2000
39,1,0.6,1,M_M_N,1.490761817933963,1.4166653691265616,1.5648582667413644,4.284195092902587,3000
40,1,0.6,1,M_M_N,1.4563203616445735,1.3921008102560843,1.5205399130330626,4.291759850854925,4000
41,1,0.6,1,M_M_N,1.4472196231624268,1.3901975826477342,1.5042416636771194,4.2300841056538765,5000
42,1,0.6,1,M_M_N,1.5013303884810478,1.447725786797126,1.5549349901649696,4.486254948405568,6000
43,1,0.6,1,M_M_N,1.523250288454177,1.473021276199407,1.573479300708947,4.595797798200867,7000
44,1,0.6,1,M_M_N,1.4854850619406035,1.4395090815017537,1.5314610423794532,4.4007263523462345,8000
45,1,0.6,1,M_M_N,1.539857994433711,1.494004384935963,1.585711603931459,4.924663388066476,9000
46,1,0.6,1,M_M_N,1.5292076813083053,1.485954455160133,1.5724609074564777,4.868954119933373,10000
47,1,0.6,1,M_M_N,1.466448072678886,1.436861540578394,1.496034604779378,4.556898666737535,20000
48,1,0.6,1,M_M_N,1.4881784829265978,1.4629634222965524,1.5133935435566432,4.964894913708479,30000
49,1,0.6,1,M_M_N,1.5197281388904766,1.496279586155257,1.5431766916256964,5.154971964153706,40000
50,1,0.6,1,M_M_N,1.5197281388904766,1.496279586155257,1.5431766916256964,5.154971964153706,50000
51,1,0.6,1,M_M_N,1.5197281388904766,1.496279586155257,1.5431766916256964,5.154971964153706,60000
52,1,0.6,1,M_M_N,1.5197281388904766,1.496279586155257,1.5431766916256964,5.154971964153706,70000
53,1,0.6,1,M_M_N,1.5197281388904766,1.496279586155257,1.5431766916256964,5.154971964153706,80000
54,1,0.6,1,M_M_N,1.5197281388904766,1.496279586155257,1.5431766916256964,5.154971964153706,90000
55,1,0.6,1,M_M_N,1.5197281388904766,1.496279586155257,1.5431766916256964,5.154971964153706,100000
56,1,0.7,1,M_M_N,0.9012009816006842,0.6362458791988828,1.1661560840024856,1.7830612573066968,100
57,1,0.7,1,M_M_N,1.564021971174718,1.2095479013412176,1.9184960410082186,6.46255509141682,200
58,1,0.7,1,M_M_N,1.3039151950838517,1.055102324469297,1.5527280656984064,4.79565344711863,300
59,1,0.7,1,M_M_N,1.397134473414741,1.1844738998742232,1.6097950469552589,4.6805732647243,400
60,1,0.7,1,M_M_N,3.0435712068881076,2.5947993538574345,3.4923430599187806,26.086495592039086,500
61,1,0.7,1,M_M_N,2.875234603403084,2.4932903045465533,3.2571789022596143,22.693334305370147,600
62,1,0.7,1,M_M_N,2.711910651964867,2.37521537526261,3.048605928667124,20.585936483068323,700
63,1,0.7,1,M_M_N,2.60598040435931,2.305636642660641,2.9063241660579795,18.728987170687883,800
64,1,0.7,1,M_M_N,2.4405965209834912,2.1702141727623734,2.710978869204609,17.08176790988001,900
65,1,0.7,1,M_M_N,2.350365251631784,2.104247192042907,2.596483311220661,15.730328966044187,1000
66,1,0.7,1,M_M_N,2.7044677278209366,2.531655683574369,2.8772797720675043,15.529438651089873,2000
67,1,0.7,1,M_M_N,2.818849263335629,2.661978569998529,2.975719956672729,19.20251367704186,3000
68,1,0.7,1,M_M_N,2.958610754610403,2.828651453275404,3.0885700559454015,17.575820704037348,4000
69,1,0.7,1,M_M_N,2.6438994192203964,2.535274168895943,2.75252466954485,15.35059007316877,5000
70,1,0.7,1,M_M_N,2.724613140544803,2.6238064039211477,2.8254198771684584,15.865688207351747,6000
71,1,0.7,1,M_M_N,2.6753998619685726,2.584400269829368,2.766399454107777,15.084486425395237,7000
72,1,0.7,1,M_M_N,2.5836854711942934,2.501965246806414,2.6654056955821726,13.903414360448593,8000
73,1,0.7,1,M_M_N,2.6208645005290245,2.54331162179321,2.698417379264839,14.08722143564156,9000
74,1,0.7,1,M_M_N,2.575595782205817,2.5040323980435475,2.6471591663680862,13.328473407776286,10000
75,1,0.7,1,M_M_N,2.4190719759907,2.372092332128574,2.466051619852826,11.489488225216013,20000
76,1,0.7,1,M_M_N,2.4383057833587083,2.3997800159521225,2.476831550765294,11.590245198673017,30000
77,1,0.7,1,M_M_N,2.426161340558644,2.3936786881849166,2.4586439929323713,10.986022755597581,40000
78,1,0.7,1,M_M_N,2.3971041259998107,2.365779890614408,2.4284283613852136,10.810278993717002,50000
79,1,0.7,1,M_M_N,2.3971041259998107,2.365779890614408,2.4284283613852136,10.810278993717002,60000
80,1,0.7,1,M_M_N,2.3971041259998107,2.365779890614408,2.4284283613852136,10.810278993717002,70000
81,1,0.7,1,M_M_N,2.3971041259998107,2.365779890614408,2.4284283613852136,10.810278993717002,80000
82,1,0.7,1,M_M_N,2.3971041259998107,2.365779890614408,2.4284283613852136,10.810278993717002,90000
83,1,0.7,1,M_M_N,2.3971041259998107,2.365779890614408,2.4284283613852136,10.810278993717002,100000
84,1,0.8,1,M_M_N,2.4559099025883864,2.035150962674228,2.8766688425025446,4.4966428362489195,100
85,1,0.8,1,M_M_N,2.357756158815972,2.0635326212805394,2.651979696351405,4.452358651702132,200
86,1,0.8,1,M_M_N,3.7536468806941192,3.3417462192056084,4.16554754218263,13.142775420992177,300
87,1,0.8,1,M_M_N,4.562876594549115,4.178622300074797,4.947130889023433,15.281378959371132,400
88,1,0.8,1,M_M_N,4.213868456827436,3.867401274535559,4.560335639119313,15.548508258449314,500
89,1,0.8,1,M_M_N,5.188727271380635,4.781533037033417,5.595921505727854,25.792977971801754,600
90,1,0.8,1,M_M_N,4.8431103072860475,4.45734706620342,5.228873548368675,27.023292636807813,700
91,1,0.8,1,M_M_N,4.958694544980955,4.595928282031199,5.321460807930711,27.323154806119238,800
92,1,0.8,1,M_M_N,6.031557422301874,5.643275258015788,6.419839586587959,35.22662443720106,900
93,1,0.8,1,M_M_N,5.841430386681081,5.486734742494818,6.196126030867344,32.67100924779858,1000
94,1,0.8,1,M_M_N,5.240021539176618,4.996511894098836,5.4835311842543994,30.834724857721522,2000
95,1,0.8,1,M_M_N,5.285046811365727,5.0856021224039605,5.484491500327493,31.039834918165056,3000
96,1,0.8,1,M_M_N,6.656034571889114,6.411061087563718,6.9010080562145095,62.45094816019494,4000
97,1,0.8,1,M_M_N,6.4491937429984825,6.237931786989769,6.660455699007196,58.06388446403564,5000
98,1,0.8,1,M_M_N,5.980605029779661,5.798245338527886,6.162964721031436,51.92033671474308,6000
99,1,0.8,1,M_M_N,5.726054546646322,5.565393406061292,5.886715687231352,47.018993532639946,7000
100,1,0.8,1,M_M_N,5.4445620114603654,5.300316649881505,5.588807373039226,43.31776875868711,8000
101,1,0.8,1,M_M_N,5.248926764536185,5.117709080166521,5.380144448905848,40.328700997722756,9000
102,1,0.8,1,M_M_N,5.223952717535092,5.100965791104425,5.34693964396576,39.365572035690484,10000
103,1,0.8,1,M_M_N,4.6048822240930125,4.520818649554428,4.688945798631597,36.787218353499284,20000
104,1,0.8,1,M_M_N,4.421235844614233,4.356317686300162,4.486154002928304,32.90958521164146,30000
105,1,0.8,1,M_M_N,4.352055685826899,4.298255979064389,4.40585539258941,30.136814337413036,40000
106,1,0.8,1,M_M_N,4.279798385275605,4.231650911813575,4.3279458587376345,29.005206906096692,50000
107,1,0.8,1,M_M_N,4.279798385275605,4.231650911813575,4.3279458587376345,29.005206906096692,60000
108,1,0.8,1,M_M_N,4.279798385275605,4.231650911813575,4.3279458587376345,29.005206906096692,70000
109,1,0.8,1,M_M_N,4.279798385275605,4.231650911813575,4.3279458587376345,29.005206906096692,80000
110,1,0.8,1,M_M_N,4.279798385275605,4.231650911813575,4.3279458587376345,29.005206906096692,90000
111,1,0.8,1,M_M_N,4.279798385275605,4.231650911813575,4.3279458587376345,29.005206906096692,100000
112,1,0.9,1,M_M_N,4.298587946233609,3.4838355751667507,5.113340317300468,16.860597265036017,100
113,1,0.9,1,M_M_N,3.772377701596132,3.2402096803654383,4.304545722826826,14.56575036129502,200
114,1,0.9,1,M_M_N,4.058383453037027,3.620797510804881,4.495969395269173,14.832994343912121,300
115,1,0.9,1,M_M_N,4.432949868957993,4.025086813594456,4.840812924321531,17.216855026169842,400
116,1,0.9,1,M_M_N,7.57746043166598,6.927361355833504,8.227559507498455,54.742372781576314,500
117,1,0.9,1,M_M_N,10.137259851982478,9.413427550082261,10.861092153882694,81.5031074872191,600
118,1,0.9,1,M_M_N,13.042969837709297,12.222298353798006,13.863641321620587,122.30248090432062,700
119,1,0.9,1,M_M_N,13.196259026336138,12.450108398100067,13.94240965457221,115.59261226986811,800
120,1,0.9,1,M_M_N,11.940886451744097,11.23663112360901,12.645141779879184,115.88745583801014,900
121,1,0.9,1,M_M_N,10.832114475642083,10.165285108761653,11.498943842522513,115.47295391530633,1000
122,1,0.9,1,M_M_N,8.45427037067197,8.059529242099014,8.849011499244927,81.0275111007477,2000
123,1,0.9,1,M_M_N,6.760590127822525,6.472069539701442,7.049110715943607,64.95731551943996,3000
124,1,0.9,1,M_M_N,8.3022987347175,8.018657848492067,8.585939620942932,83.72179769751253,4000
125,1,0.9,1,M_M_N,7.565714324050935,7.327463603378981,7.803965044722889,73.84684402903147,5000
126,1,0.9,1,M_M_N,6.967519635558684,6.762261403698748,7.1727778674186204,65.778046388757,6000
127,1,0.9,1,M_M_N,6.675806201688004,6.495597096880432,6.856015306495576,59.156857493003024,7000
128,1,0.9,1,M_M_N,7.64996277633197,7.460012176746922,7.839913375917018,75.1179457467592,8000
129,1,0.9,1,M_M_N,8.128435620113457,7.9448261618479545,8.31204507837896,78.96226422512864,9000
130,1,0.9,1,M_M_N,9.39167599433244,9.195215557751979,9.5881364309129,100.44975457360411,10000
131,1,0.9,1,M_M_N,8.7052874445613,8.576629204355392,8.833945684767208,86.17007235097097,20000
132,1,0.9,1,M_M_N,8.37672753318738,8.276627897574762,8.476827168799996,78.2447163081077,30000
133,1,0.9,1,M_M_N,8.89893155633903,8.805202755985633,8.992660356692426,91.4710453785595,40000
134,1,0.9,1,M_M_N,8.728444011448273,8.646615858131254,8.810272164765292,87.1481748043056,50000
135,1,0.9,1,M_M_N,8.670691269601035,8.592385931273295,8.748996607928774,85.93060743041694,60000
136,1,0.9,1,M_M_N,8.670691269601035,8.592385931273295,8.748996607928774,85.93060743041694,70000
137,1,0.9,1,M_M_N,8.670691269601035,8.592385931273295,8.748996607928774,85.93060743041694,80000
138,1,0.9,1,M_M_N,8.670691269601035,8.592385931273295,8.748996607928774,85.93060743041694,90000
139,1,0.9,1,M_M_N,8.670691269601035,8.592385931273295,8.748996607928774,85.93060743041694,100000
140,2,0.5,1,M_M_N,0.30323586963400523,0.2052604224477546,0.40121131682025585,0.2438126291187592,100
141,2,0.5,1,M_M_N,0.502908349547745,0.3704389346264729,0.6353777644690171,0.902540193054483,200
142,2,0.5,1,M_M_N,0.3858465966595628,0.29218295928001026,0.4795102340391153,0.6795855670929296,300
143,2,0.5,1,M_M_N,0.3783037409365133,0.29870840288126665,0.45789907899175997,0.6556927009045878,400
144,2,0.5,1,M_M_N,0.3436701788195694,0.27830054432604523,0.4090398133130936,0.5534987364475088,500
145,2,0.5,1,M_M_N,0.3168466331886026,0.2608346684258619,0.37285859795134335,0.48804499246122757,600
146,2,0.5,1,M_M_N,0.3242581319703374,0.2734785952889815,0.37503766865169336,0.4682459702521596,700
147,2,0.5,1,M_M_N,0.31861961874431416,0.27130140400284825,0.3659378334857801,0.46487239978529077,800
148,2,0.5,1,M_M_N,0.30184029358919906,0.2588851153641243,0.34479547181427384,0.43112895996053524,900
149,2,0.5,1,M_M_N,0.3288851608940325,0.2864041654925967,0.3713661562954684,0.4686409223605735,1000
150,2,0.5,1,M_M_N,0.3552288284445638,0.3238152897052087,0.386642367183919,0.5131466134653436,2000
151,2,0.5,1,M_M_N,0.310529505916481,0.28692313058164054,0.33413588125132143,0.4348435844650599,3000
152,2,0.5,1,M_M_N,0.2889172401628981,0.26954796061473074,0.30828651971106547,0.3904161838817136,4000
153,2,0.5,1,M_M_N,0.29367054287016864,0.2764186998220084,0.3109223859183289,0.3871992349998591,5000
154,2,0.5,1,M_M_N,0.29387538538259217,0.27812709770963456,0.3096236730555498,0.387209926787397,6000
155,2,0.5,1,M_M_N,0.2985074418516765,0.28365644017722297,0.31335844352613,0.40175670268048075,7000
156,2,0.5,1,M_M_N,0.31176416875115054,0.29681917570714006,0.326709161795161,0.46500090669723365,8000
157,2,0.5,1,M_M_N,0.30478017481623376,0.2909780179377494,0.3185823316947181,0.44619367888388467,9000
158,2,0.5,1,M_M_N,0.3021591432332856,0.28920655775213605,0.3151117287144351,0.4366280220787306,10000
159,2,0.5,1,M_M_N,0.3240204798414692,0.31403387100142177,0.33400708868151663,0.5191792457004776,20000
160,2,0.5,1,M_M_N,0.3354215826670862,0.327046977020558,0.3437961883136144,0.5476697558516822,30000
161,2,0.5,1,M_M_N,0.3339513309495829,0.3267402355785532,0.3411624263206126,0.541427118245479,40000
162,2,0.5,1,M_M_N,0.33171325298872706,0.32525529767070976,0.33817120830674435,0.5428037847274186,50000
163,2,0.5,1,M_M_N,0.3298044943856519,0.3239414627879109,0.3356675259833929,0.536885921157332,60000
164,2,0.5,1,M_M_N,0.32991770536024856,0.32407431373971635,0.33576109698078077,0.536254932638483,70000
165,2,0.5,1,M_M_N,0.32991770536024856,0.32407431373971635,0.33576109698078077,0.536254932638483,80000
166,2,0.5,1,M_M_N,0.32991770536024856,0.32407431373971635,0.33576109698078077,0.536254932638483,90000
167,2,0.5,1,M_M_N,0.32991770536024856,0.32407431373971635,0.33576109698078077,0.536254932638483,100000
168,2,0.6,1,M_M_N,0.30926542473708774,0.19307286406614643,0.42545798540802904,0.342908566386116,100
169,2,0.6,1,M_M_N,0.3551258939537656,0.2738604431123647,0.4363913447951665,0.3396621961973522,200
170,2,0.6,1,M_M_N,0.2794672854156697,0.22105545191499357,0.3378791189163458,0.26430403010251047,300
171,2,0.6,1,M_M_N,0.30697060440633417,0.25448338666028514,0.3594578221523832,0.2851229595848961,400
172,2,0.6,1,M_M_N,0.31585733821955775,0.26747792262511266,0.36423675381400283,0.3031696737128268,500
173,2,0.6,1,M_M_N,0.3090478408180525,0.2642933199648055,0.35380236167129947,0.3115817921965513,600
174,2,0.6,1,M_M_N,0.42141719794826,0.35412315505665876,0.4887112408398612,0.8223369820915751,700
175,2,0.6,1,M_M_N,0.41499414048590777,0.35455423101603595,0.4754340499557796,0.7584460096914012,800
176,2,0.6,1,M_M_N,0.4365140878109561,0.37902284949979576,0.4940053261221164,0.7722883294186557,900
177,2,0.6,1,M_M_N,0.41344166168958724,0.36088455945916387,0.4659987639200106,0.7173211968332074,1000
178,2,0.6,1,M_M_N,0.6090797096283457,0.5592931480595327,0.6588662711971587,1.2889379448656257,2000
179,2,0.6,1,M_M_N,0.5957535073118816,0.5570135890505201,0.6344934255732431,1.171094256726007,3000
180,2,0.6,1,M_M_N,0.6173948494384256,0.5828879920028368,0.6519017068740144,1.2391152357031465,4000
181,2,0.6,1,M_M_N,0.5978212829908136,0.5681188582035496,0.6275237077780776,1.147750005227038,5000
182,2,0.6,1,M_M_N,0.5539900786211717,0.528194619950258,0.5797855372920854,1.0388822181811608,6000
183,2,0.6,1,M_M_N,0.5357909887739583,0.5123122635297155,0.559269714018201,1.004154789623898,7000
184,2,0.6,1,M_M_N,0.5483598043056698,0.5258723698943344,0.5708472387170052,1.0527910507204408,8000
185,2,0.6,1,M_M_N,0.5618167453728442,0.5404995086837133,0.5831339820619751,1.064366774892269,9000
186,2,0.6,1,M_M_N,0.5588219471972148,0.5385502764026336,0.5790936179917959,1.069492540854057,10000
187,2,0.6,1,M_M_N,0.539471421678045,0.5253032441002918,0.5536395992557981,1.0449830039043515,20000
188,2,0.6,1,M_M_N,0.5540695143154769,0.5424496693393914,0.5656893592915624,1.0543643064287258,30000
189,2,0.6,1,M_M_N,0.5600861978206825,0.5497384781311337,0.5704339175102312,1.1148766934863452,40000
190,2,0.6,1,M_M_N,0.5555501386323092,0.5464898526121196,0.5646104246524988,1.0684067209192498,50000
191,2,0.6,1,M_M_N,0.5593006954316226,0.5510119540582944,0.5675894368049509,1.0730370655164831,60000
192,2,0.6,1,M_M_N,0.5623551393653736,0.554685279910429,0.5700249988203182,1.071918214384868,70000
193,2,0.6,1,M_M_N,0.5616080431687057,0.5540706739027452,0.5691454124346662,1.0651975592230314,80000
194,2,0.6,1,M_M_N,0.5616080431687057,0.5540706739027452,0.5691454124346662,1.0651975592230314,90000
195,2,0.6,1,M_M_N,0.5616080431687057,0.5540706739027452,0.5691454124346662,1.0651975592230314,100000
196,2,0.7,1,M_M_N,3.119929638187208,2.5412879835295015,3.6985712928449144,8.504349047876133,100
197,2,0.7,1,M_M_N,3.317322392419755,2.9207160440756237,3.713928740763886,8.09011394166419,200
198,2,0.7,1,M_M_N,2.9644242717109175,2.6547959063914632,3.2740526370303717,7.426489783251726,300
199,2,0.7,1,M_M_N,2.379645358777977,2.1238490186828494,2.635441698873105,6.771949934356149,400
200,2,0.7,1,M_M_N,2.073404443166564,1.8589495157708071,2.287859370562321,5.957123158374888,500
201,2,0.7,1,M_M_N,1.8101314823281507,1.623847174095828,1.9964157905604734,5.398222661562386,600
202,2,0.7,1,M_M_N,1.632244787281847,1.46703497217322,1.797454602390474,4.956421941042962,700
203,2,0.7,1,M_M_N,1.4921744925504206,1.3442238401287332,1.640125144972108,4.544758700237446,800
204,2,0.7,1,M_M_N,1.371404609811695,1.2373008925953037,1.5055083270280862,4.202016740296589,900
205,2,0.7,1,M_M_N,1.290993388804437,1.1685109496088533,1.4134758280000206,3.8958165069806445,1000
206,2,0.7,1,M_M_N,1.0840118767843208,1.0084782232946217,1.1595455302740199,2.9668031083145787,2000
207,2,0.7,1,M_M_N,1.0308705823808575,0.9726304832340403,1.0891106815276748,2.6467849852039618,3000
208,2,0.7,1,M_M_N,1.0165009985982516,0.9669912667840835,1.0660107304124198,2.5508329920883006,4000
209,2,0.7,1,M_M_N,1.0371671919368188,0.992558531262541,1.0817758526110968,2.5888200423659855,5000
210,2,0.7,1,M_M_N,1.0124803132201812,0.9729904433025822,1.0519701831377801,2.4347322597368097,6000
211,2,0.7,1,M_M_N,1.0153391404082335,0.97944968584449,1.0512285949719768,2.3463097923392655,7000
212,2,0.7,1,M_M_N,1.0082379260658902,0.9742815065171079,1.0421943456146725,2.4005245232159647,8000
213,2,0.7,1,M_M_N,0.9558424020789595,0.9248200937292788,0.9868647104286403,2.2541235439668186,9000
214,2,0.7,1,M_M_N,1.00494740248983,0.9739857606261969,1.0359090443534629,2.4948626190972543,10000
215,2,0.7,1,M_M_N,0.9895602438000733,0.9677485893864616,1.011371898213685,2.476614778362869,20000
216,2,0.7,1,M_M_N,0.9750745073189919,0.9575713113199151,0.9925777033180687,2.3923501216555905,30000
217,2,0.7,1,M_M_N,0.9599718916392208,0.9451447881383326,0.974798995140109,2.289023038925323,40000
218,2,0.7,1,M_M_N,0.9707894566681937,0.9574684719007492,0.9841104414356382,2.30953984267264,50000
219,2,0.7,1,M_M_N,0.9546181765112455,0.9426691852735569,0.966567167748934,2.229975190609027,60000
220,2,0.7,1,M_M_N,0.9500926478841841,0.939052168800264,0.9611331269681043,2.221072206384646,70000
221,2,0.7,1,M_M_N,0.9574888732715495,0.9469880766309682,0.9679896699121309,2.296281670979497,80000
222,2,0.7,1,M_M_N,0.9565896052600837,0.9462572112944957,0.9669219992256718,2.334246143848801,90000
223,2,0.7,1,M_M_N,0.9565896052600837,0.9462572112944957,0.9669219992256718,2.334246143848801,100000
224,2,0.8,1,M_M_N,1.581882285420476,1.37910702110353,1.784657549737422,1.0443633946336865,100
225,2,0.8,1,M_M_N,1.4519204361398932,1.3125429585404262,1.5912979137393601,0.9991265882337599,200
226,2,0.8,1,M_M_N,1.1690615612906912,1.049649835472881,1.2884732871085014,1.104577158635738,300
227,2,0.8,1,M_M_N,1.0443468509137621,0.9406431495771449,1.1480505522503792,1.1130472488081835,400
228,2,0.8,1,M_M_N,1.1662326097740534,1.0534792252487446,1.2789859942993622,1.6467349175750543,500
229,2,0.8,1,M_M_N,1.261935558688458,1.1562728660183987,1.3675982513585172,1.736767145830164,600
230,2,0.8,1,M_M_N,1.586466650664031,1.4622450937285512,1.710688207599511,2.80214443425401,700
231,2,0.8,1,M_M_N,1.4651089503530046,1.3525612526857458,1.5776566480202634,2.6299669508965806,800
232,2,0.8,1,M_M_N,1.638457534996302,1.5185544494827017,1.7583606205099023,3.3592077535816847,900
233,2,0.8,1,M_M_N,1.750633883921144,1.6337585844563176,1.8675091833859703,3.5472868873518375,1000
234,2,0.8,1,M_M_N,1.630384825102803,1.5468137469275076,1.7139559032780984,3.6317818380249394,2000
235,2,0.8,1,M_M_N,1.514753043999032,1.45026360138185,1.579242486616214,3.245276445969515,3000
236,2,0.8,1,M_M_N,1.5398612659456412,1.4829162415833046,1.5968062903079778,3.37452339944548,4000
237,2,0.8,1,M_M_N,1.4274065392182205,1.3783551183305889,1.476457960105852,3.1301610155292705,5000
238,2,0.8,1,M_M_N,1.5665728404861445,1.5185901400764794,1.6145555408958097,3.594588459118885,6000
239,2,0.8,1,M_M_N,1.6349950859863343,1.5880042673494268,1.6819859046232417,4.022329637363044,7000
240,2,0.8,1,M_M_N,1.7275360103526152,1.6802758780556473,1.774796142649583,4.649992274003148,8000
241,2,0.8,1,M_M_N,1.6509007765406645,1.6077459964509775,1.6940555566303515,4.362016563705073,9000
242,2,0.8,1,M_M_N,1.6641799626814464,1.6227837685576911,1.7055761568052017,4.459842276903522,10000
243,2,0.8,1,M_M_N,1.6698221314732264,1.6410621917235613,1.6985820712228916,4.30583305841858,20000
244,2,0.8,1,M_M_N,1.6597657114965432,1.6366757990707232,1.682855623922363,4.1632702074563275,30000
245,2,0.8,1,M_M_N,1.7233826983618696,1.701248326051586,1.7455170706721532,5.10119525351412,40000
246,2,0.8,1,M_M_N,1.631435589808005,1.6126018024522524,1.6502693771637578,4.616662437053568,50000
247,2,0.8,1,M_M_N,1.6416264815311572,1.624361232025705,1.6588917310366094,4.6556815176208435,60000
248,2,0.8,1,M_M_N,1.6914394798774435,1.6750878528090425,1.7077911069458445,4.872016900548932,70000
249,2,0.8,1,M_M_N,1.6634901608971064,1.6484444743300586,1.6785358474641543,4.714163966765414,80000
250,2,0.8,1,M_M_N,1.6777784712839894,1.663558533973256,1.6919984085947228,4.737290415123632,90000
251,2,0.8,1,M_M_N,1.6946591312658894,1.6807949774011237,1.708523285130655,4.80412357788668,100000
252,2,0.9,1,M_M_N,3.99348344618856,3.524088877841184,4.462878014535937,5.596259034060462,100
253,2,0.9,1,M_M_N,3.788874910187482,3.457981683888817,4.119768136486147,5.631331177652991,200
254,2,0.9,1,M_M_N,2.7250178843577477,2.441005182567211,3.0090305861482842,6.248526767654494,300
255,2,0.9,1,M_M_N,2.332143170180211,2.098596217004029,2.565690123356393,5.64512415300285,400
256,2,0.9,1,M_M_N,2.3380619595384506,2.142585517231191,2.53353840184571,4.949409332623928,500
257,2,0.9,1,M_M_N,2.1448080390250746,1.9731531667539874,2.3164629112961617,4.583640174381874,600
258,2,0.9,1,M_M_N,1.9474624778039578,1.7936602882720782,2.1012646673358373,4.295578072437913,700
259,2,0.9,1,M_M_N,1.78302675687601,1.6435627762018814,1.9224907375501388,4.0383241337693345,800
260,2,0.9,1,M_M_N,1.8254540851641734,1.6975838001336996,1.9533243701946472,3.820457847477446,900
261,2,0.9,1,M_M_N,2.2022265167953523,2.0550018113674944,2.3494512222232102,5.628753477619831,1000
262,2,0.9,1,M_M_N,4.5501409950949645,4.31198823887701,4.788293751312919,29.493001054044043,2000
263,2,0.9,1,M_M_N,3.484277081080704,3.3130533740315347,3.6555007881298733,22.877166968497818,3000
264,2,0.9,1,M_M_N,3.1426588827894815,3.0092756190465515,3.2760421465324114,18.51414060430254,4000
265,2,0.9,1,M_M_N,3.1596109744349166,3.0476432633927923,3.271578685477041,16.309817210055446,5000
266,2,0.9,1,M_M_N,3.0880506977549462,2.9915655693121126,3.18453582619778,14.534515603227588,6000
267,2,0.9,1,M_M_N,3.471528449626921,3.3796208452859506,3.5634360539678918,15.387020373205305,7000
268,2,0.9,1,M_M_N,3.580394165549065,3.4936380566873666,3.667150274410764,15.669765430226407,8000
269,2,0.9,1,M_M_N,4.5292011158495,4.419879314838323,4.638522916860677,27.99258788029762,9000
270,2,0.9,1,M_M_N,4.439650299861414,4.338827401778176,4.540473197944652,26.455563957822996,10000
271,2,0.9,1,M_M_N,3.7528516674262775,3.691676480378181,3.814026854474374,19.481924494018095,20000
272,2,0.9,1,M_M_N,3.486040960330242,3.4400614475754594,3.5320204730850246,16.50892355991093,30000
273,2,0.9,1,M_M_N,3.7426408970002725,3.7019884699015826,3.7832933240989624,17.207211026610903,40000
274,2,0.9,1,M_M_N,3.7312352777200775,3.694328509392758,3.768142046047397,17.72820776527141,50000
275,2,0.9,1,M_M_N,3.6675564723446556,3.634789016793893,3.7003239278954183,16.76961082622814,60000
276,2,0.9,1,M_M_N,3.608002235457657,3.577769059067576,3.6382354118477376,16.655374206371913,70000
277,2,0.9,1,M_M_N,3.607570822133526,3.579441095407507,3.6357005488595453,16.478272844164614,80000
278,2,0.9,1,M_M_N,3.64648093192364,3.619929141323279,3.673032722524001,16.516661745899498,90000
279,2,0.9,1,M_M_N,3.7244208961116527,3.6986893612839746,3.750152430939331,17.23553179912172,100000
280,4,0.5,1,M_M_N,0.07817745064759724,0.03235923485934616,0.1239956664358483,0.05332096926910415,100
281,4,0.5,1,M_M_N,0.07330219576778647,0.040684088416549205,0.10592030311902374,0.05472084947633781,200
282,4,0.5,1,M_M_N,0.05188561493299575,0.029754957183754108,0.07401627268223739,0.03793942563367449,300
283,4,0.5,1,M_M_N,0.04383720667755434,0.02667541161194952,0.06099900174315917,0.030482494857533213,400
284,4,0.5,1,M_M_N,0.046955898181276164,0.031019562275241445,0.06289223408731089,0.03289587713610965,500
285,4,0.5,1,M_M_N,0.08986572979651977,0.06650938716854414,0.1132220724244954,0.08486095645829042,600
286,4,0.5,1,M_M_N,0.0854049503375247,0.06400048094095373,0.10680941973409566,0.08319658755111385,700
287,4,0.5,1,M_M_N,0.0775828820902466,0.058695876791719837,0.09646988738877335,0.07406333513034333,800
288,4,0.5,1,M_M_N,0.08292685175460662,0.06483394969795626,0.10101975381125698,0.07648787760505545,900
289,4,0.5,1,M_M_N,0.07602573055988748,0.05958989006654368,0.09246157105323129,0.07015113078668679,1000
290,4,0.5,1,M_M_N,0.0839801041607706,0.07246748000237184,0.09549272831916937,0.06892176583668357,2000
291,4,0.5,1,M_M_N,0.08108762167649194,0.07189793996679607,0.09027730338618782,0.06589847891114482,3000
292,4,0.5,1,M_M_N,0.08386057265988855,0.07584765451400444,0.09187349080577267,0.066816279665405,4000
293,4,0.5,1,M_M_N,0.08412185829995131,0.07676571862891932,0.0914779979709833,0.07039850345809627,5000
294,4,0.5,1,M_M_N,0.0856568947854589,0.07884001206669093,0.09247377750422688,0.07255234403740358,6000
295,4,0.5,1,M_M_N,0.08652548150469815,0.08024247225809189,0.0928084907513044,0.07190962676566294,7000
296,4,0.5,1,M_M_N,0.08781385475748861,0.08198907587771151,0.09363863363726571,0.07063521182558269,8000
297,4,0.5,1,M_M_N,0.08743457214443454,0.08195982539023217,0.0929093188986369,0.07020330598628324,9000
298,4,0.5,1,M_M_N,0.08697845957109301,0.08177424577632143,0.0921826733658646,0.07048698417746968,10000
299,4,0.5,1,M_M_N,0.09203932961322221,0.08799452509149525,0.09608413413494918,0.0851679746426351,20000
300,4,0.5,1,M_M_N,0.0913327773828301,0.08807510941253956,0.09459044535312065,0.08287120672856074,30000
301,4,0.5,1,M_M_N,0.0929564881294323,0.09008200242324861,0.09583097383561599,0.08603156679724867,40000
302,4,0.5,1,M_M_N,0.09385384813833161,0.09128755535600969,0.09642014092065354,0.08571665216219745,50000
303,4,0.5,1,M_M_N,0.09360881170289469,0.09127465715255254,0.09594296625323684,0.0850935736299669,60000
304,4,0.5,1,M_M_N,0.09377706477388136,0.09162003556560769,0.09593409398215502,0.08478106948595204,70000
305,4,0.5,1,M_M_N,0.09371179708926326,0.09170571703137084,0.09571787714715568,0.08380639985887423,80000
306,4,0.5,1,M_M_N,0.09263261090444071,0.09075043430495293,0.09451478750392849,0.08299566046299396,90000
307,4,0.5,1,M_M_N,0.09234914199167299,0.0905552541754954,0.09414302980785058,0.08376910301681026,100000
308,4,0.6,1,M_M_N,0.1462725055711753,0.08748737243957015,0.20505763870278043,0.08777214280706111,100
309,4,0.6,1,M_M_N,0.10132915008766762,0.06566656781079495,0.13699173236454026,0.06541252119568373,200
310,4,0.6,1,M_M_N,0.1098254971851628,0.07986458393642479,0.1397864104339008,0.06953639990604531,300
311,4,0.6,1,M_M_N,0.09953905797377799,0.07586330382847677,0.12321481211907921,0.058013989094728574,400
312,4,0.6,1,M_M_N,0.10096909223008019,0.07850324681167656,0.12343493764848382,0.0653747517983885,500
313,4,0.6,1,M_M_N,0.1021853424366379,0.08194122685961625,0.12242945801365956,0.06375230087574013,600
314,4,0.6,1,M_M_N,0.09361759638845538,0.07578248734434914,0.11145270543256161,0.057762784215807876,700
315,4,0.6,1,M_M_N,0.1131783855845105,0.0923458677526855,0.1340109034163355,0.09010742622554038,800
316,4,0.6,1,M_M_N,0.11339095839745501,0.09416335581869278,0.13261856097621724,0.08638262947756636,900
317,4,0.6,1,M_M_N,0.11618733992229494,0.09800112590195942,0.13437355394263045,0.08588858256588858,1000
318,4,0.6,1,M_M_N,0.12132415445567932,0.10792340391788041,0.13472490499347822,0.0933826055538626,2000
319,4,0.6,1,M_M_N,0.12021617004242496,0.10922161069152961,0.13121072939332032,0.09432571525728299,3000
320,4,0.6,1,M_M_N,0.12548534218444649,0.11562873374593158,0.1353419506229614,0.10110110124904031,4000
321,4,0.6,1,M_M_N,0.12574784858608687,0.1170404756905713,0.13445522148160244,0.09863652897730718,5000
322,4,0.6,1,M_M_N,0.1269829845781881,0.11900280501479564,0.13496316414158055,0.09942718207954608,6000
323,4,0.6,1,M_M_N,0.12380579759981723,0.11662332935153444,0.13098826584810003,0.09397212905612715,7000
324,4,0.6,1,M_M_N,0.1312725388265441,0.12422231590277508,0.13832276175031313,0.10348277443896764,8000
325,4,0.6,1,M_M_N,0.13081886386498043,0.12395897354226591,0.13767875418769493,0.11022087109848408,9000
326,4,0.6,1,M_M_N,0.13200102286272491,0.12544288695331857,0.13855915877213126,0.11193334843112845,10000
327,4,0.6,1,M_M_N,0.15404486560140332,0.1488627251366862,0.15922700606612045,0.13979756444107588,20000
328,4,0.6,1,M_M_N,0.16219663470117587,0.15773614660437663,0.16665712279797512,0.15536557500331588,30000
329,4,0.6,1,M_M_N,0.1673354976414335,0.1633791511357639,0.17129184414710308,0.16297694310624963,40000
330,4,0.6,1,M_M_N,0.17066025226350798,0.16703171672529435,0.1742887878017216,0.1713624084271942,50000
331,4,0.6,1,M_M_N,0.1752978132160977,0.1719134972123865,0.1786821292198089,0.17888723910038637,60000
332,4,0.6,1,M_M_N,0.17304754197939248,0.16996094324180652,0.17613414071697844,0.17359898730495085,70000
333,4,0.6,1,M_M_N,0.17530365872578865,0.17237108344518295,0.17823623400639435,0.1790931611820122,80000
334,4,0.6,1,M_M_N,0.17792252479520618,0.17512053578146025,0.1807245138089521,0.18393632377547242,90000
335,4,0.6,1,M_M_N,0.17744672982152793,0.17478652275510134,0.1801069368879545,0.18421466057908462,100000
336,4,0.7,1,M_M_N,0.27075916758324675,0.1825936752400586,0.3589246599264349,0.19743264466141414,100
337,4,0.7,1,M_M_N,0.35926649326784665,0.27866964818353956,0.43986333835215374,0.3340960946748177,200
338,4,0.7,1,M_M_N,0.32527748025558334,0.26290636839305076,0.3876485921181159,0.30134853206994877,300
339,4,0.7,1,M_M_N,0.39849425776458247,0.3359818913672359,0.46100662416192906,0.4044426661982542,400
340,4,0.7,1,M_M_N,0.33825571936667664,0.28657444016745637,0.3899369985658969,0.34596409560123925,500
341,4,0.7,1,M_M_N,0.389628914593852,0.3403021027089792,0.43895572647872483,0.37849865529771376,600
342,4,0.7,1,M_M_N,0.3576652170694552,0.31394843896105656,0.40138199517785383,0.3470506603601254,700
343,4,0.7,1,M_M_N,0.34061956317289566,0.3007849719046336,0.3804541544411577,0.32945628061098947,800
344,4,0.7,1,M_M_N,0.46256182775198784,0.4159479752928255,0.5091756802111502,0.5076988039187652,900
345,4,0.7,1,M_M_N,0.46211586955770007,0.41836162689714557,0.5058701122182546,0.49715427969621345,1000
346,4,0.7,1,M_M_N,0.4216947107327488,0.3923202006095902,0.45106922085590734,0.4486927036852357,2000
347,4,0.7,1,M_M_N,0.4607088328590011,0.4322528394382118,0.4891648262797904,0.6318615878842582,3000
348,4,0.7,1,M_M_N,0.4274594478045944,0.40350786348374595,0.4514110321254428,0.5969931796552091,4000
349,4,0.7,1,M_M_N,0.37371231722894754,0.35386319187445137,0.3935614425834437,0.5125618077490962,5000
350,4,0.7,1,M_M_N,0.3957881127421655,0.3771752331143491,0.41440099236998196,0.5408874953898875,6000
351,4,0.7,1,M_M_N,0.43477209311455023,0.41672612142920645,0.452818064799894,0.5932150766159521,7000
352,4,0.7,1,M_M_N,0.4489449233554549,0.4318130963783925,0.4660767503325173,0.6110401173221169,8000
353,4,0.7,1,M_M_N,0.46167296525639623,0.44522582566185076,0.4781201048509417,0.633592826663718,9000
354,4,0.7,1,M_M_N,0.4551830179896667,0.43974650131358073,0.4706195346657527,0.6201507641969634,10000
355,4,0.7,1,M_M_N,0.3950904222868899,0.3852209788893991,0.4049598656843807,0.5070684218354847,20000
356,4,0.7,1,M_M_N,0.39353545064783874,0.38550759404712226,0.4015633072485552,0.5032563223627713,30000
357,4,0.7,1,M_M_N,0.37802553759655183,0.3713482750707613,0.38470280012234237,0.4642313104268541,40000
358,4,0.7,1,M_M_N,0.38142240390122745,0.3752923439826301,0.3875524638198248,0.48908262511950795,50000
359,4,0.7,1,M_M_N,0.3763904155045173,0.37090897524964933,0.38187185575938526,0.469274456934733,60000
360,4,0.7,1,M_M_N,0.3784832058600865,0.373303482611594,0.38366292910857897,0.4888773888879387,70000
361,4,0.7,1,M_M_N,0.382654854183185,0.37774871980794833,0.3875609885584217,0.5012559506440011,80000
362,4,0.7,1,M_M_N,0.3705840241532278,0.36606449106210825,0.3751035572443473,0.4785439026948297,90000
363,4,0.7,1,M_M_N,0.3652959088472264,0.3610270303673979,0.3695647873270549,0.4743740122469443,100000
364,4,0.8,1,M_M_N,0.3656676009354672,0.25765249240580906,0.4736827094651253,0.29634029000003803,100
365,4,0.8,1,M_M_N,0.45082984966846923,0.34884649391975664,0.5528132054171818,0.5349262519275696,200
366,4,0.8,1,M_M_N,0.4655170150722761,0.3764402300102576,0.5545938001342946,0.6146546570147909,300
367,4,0.8,1,M_M_N,0.46034848390545874,0.389128318071126,0.5315686497397915,0.5249658433137631,400
368,4,0.8,1,M_M_N,0.5153612763845549,0.4468037365247928,0.5839188162443169,0.6088004574996673,500
369,4,0.8,1,M_M_N,0.5469192866290337,0.48490216484283827,0.6089364084152291,0.5983033861576689,600
370,4,0.8,1,M_M_N,0.7175892029910256,0.6479266202171938,0.7872517857648573,0.8812430901509806,700
371,4,0.8,1,M_M_N,0.6572065707373703,0.5943242401126976,0.7200889013620431,0.820983294037243,800
372,4,0.8,1,M_M_N,0.6848899576686297,0.6263442556774949,0.7434356596597645,0.8008776635202451,900
373,4,0.8,1,M_M_N,0.768738501349845,0.7099854995484964,0.8274915031511936,0.8964188102034186,1000
374,4,0.8,1,M_M_N,0.6163097663009369,0.5813256448221296,0.6512938877797443,0.6364285985961147,2000
375,4,0.8,1,M_M_N,0.6007682513800015,0.5728434355078,0.6286930672522029,0.6084923006376817,3000
376,4,0.8,1,M_M_N,0.6205637548626259,0.5957910673280035,0.6453364423972484,0.6386267817670044,4000
377,4,0.8,1,M_M_N,0.6473808558294193,0.6239095031039246,0.670852208554914,0.7167038440512299,5000
378,4,0.8,1,M_M_N,0.6572332040739369,0.6353401092158232,0.6791262989320507,0.7483316632083111,6000
379,4,0.8,1,M_M_N,0.6682531107843184,0.6474286986893416,0.6890775228792951,0.7899455116065282,7000
380,4,0.8,1,M_M_N,0.6565493573353721,0.6371775824486419,0.6759211322221024,0.7812700796937945,8000
381,4,0.8,1,M_M_N,0.6528854514480161,0.6347392250399823,0.67103167785605,0.7712623744370567,9000
382,4,0.8,1,M_M_N,0.6694517254570097,0.6516204296896384,0.687283021224381,0.8274932841209405,10000
383,4,0.8,1,M_M_N,0.8016737212541515,0.7850120881557598,0.8183353543525431,1.4451614810743627,20000
384,4,0.8,1,M_M_N,0.7846519330649885,0.7710597822032758,0.7982440839267012,1.4426680027258945,30000
385,4,0.8,1,M_M_N,0.7681108212967013,0.7565348063769531,0.7796868362164494,1.3952617264209168,40000
386,4,0.8,1,M_M_N,0.7900863669445246,0.7796811949571381,0.8004915389319112,1.4091308454639513,50000
387,4,0.8,1,M_M_N,0.7533641486380417,0.7442253983537995,0.7625028989222838,1.3044011316066826,60000
388,4,0.8,1,M_M_N,0.7422534418679266,0.7338606481209238,0.7506462356149295,1.2835120190228622,70000
389,4,0.8,1,M_M_N,0.7281207728958216,0.7203150746344642,0.7359264711571789,1.2688321708408627,80000
390,4,0.8,1,M_M_N,0.7273039395744583,0.7200319506401031,0.7345759285088135,1.2389137264129289,90000
391,4,0.8,1,M_M_N,0.7119024925235073,0.7051407629985378,0.7186642220484769,1.190169712012775,100000
392,4,0.9,1,M_M_N,0.17119661856092194,0.11247946765183864,0.22991376947000525,0.08756925153911674,100
393,4,0.9,1,M_M_N,0.5162234175193171,0.43222227288321186,0.6002245621554223,0.3629156721685547,200
394,4,0.9,1,M_M_N,0.48450613496133826,0.415332160109495,0.5536801098131815,0.37067011385855125,300
395,4,0.9,1,M_M_N,0.6009013404823136,0.5313109513051749,0.6704917296594523,0.5012144883904647,400
396,4,0.9,1,M_M_N,0.9116807724412611,0.8310882834998832,0.992273261382639,0.8413053624149779,500
397,4,0.9,1,M_M_N,0.8996008255540572,0.827231407054949,0.9719702440531653,0.8147200668314544,600
398,4,0.9,1,M_M_N,0.8776349648733027,0.8117245510766986,0.9435453786699068,0.7888685766247832,700
399,4,0.9,1,M_M_N,0.8684835626774827,0.8065389429519941,0.9304281824029713,0.7966806019324244,800
400,4,0.9,1,M_M_N,0.8101242727085955,0.7535142258184013,0.8667343195987898,0.7487954125258264,900
401,4,0.9,1,M_M_N,0.743778013913869,0.6911358227148126,0.7964202051129254,0.7196457362920312,1000
402,4,0.9,1,M_M_N,0.9391671849922857,0.8912609491753752,0.9870734208091961,1.1934159504281296,2000
403,4,0.9,1,M_M_N,1.32019498502594,1.2684217287470259,1.3719682413048542,2.0916326506284024,3000
404,4,0.9,1,M_M_N,1.4476432325304343,1.3963819192244094,1.4989045458364592,2.734515156434983,4000
405,4,0.9,1,M_M_N,1.7003903576419805,1.6487929327845956,1.7519877824993655,3.463534741455676,5000
406,4,0.9,1,M_M_N,1.5893196050958116,1.543508749451541,1.6351304607400823,3.276548575328021,6000
407,4,0.9,1,M_M_N,1.5935240733716227,1.550151823121222,1.6368963236220235,3.4266957563029403,7000
408,4,0.9,1,M_M_N,1.5702905132879592,1.5300030887752265,1.610577937800692,3.3791025711540708,8000
409,4,0.9,1,M_M_N,1.532200883463825,1.4948409136259198,1.5695608533017302,3.2692078158981177,9000
410,4,0.9,1,M_M_N,1.588486220501878,1.5509333125922091,1.6260391284115467,3.6701669058230415,10000
411,4,0.9,1,M_M_N,1.8016044061186984,1.7735782295516016,1.8296305826857953,4.08892318125987,20000
412,4,0.9,1,M_M_N,1.7463316984251385,1.7237175876610487,1.7689458091892283,3.993457411345791,30000
413,4,0.9,1,M_M_N,1.7172542725816948,1.697634061563935,1.7368744835994547,4.008158373927784,40000
414,4,0.9,1,M_M_N,1.7951266769407217,1.7759614058156348,1.8142919480658086,4.78060355794194,50000
415,4,0.9,1,M_M_N,1.7483592292797714,1.7311918841566774,1.7655265744028654,4.603030177734088,60000
416,4,0.9,1,M_M_N,1.7407794794662812,1.725141430831281,1.7564175281012815,4.456069521417605,70000
417,4,0.9,1,M_M_N,1.7480046415228299,1.7333819533661925,1.7626273296794672,4.452819593401935,80000
418,4,0.9,1,M_M_N,1.7763951664151436,1.7624801132423287,1.7903102195879586,4.53632734878714,90000
419,4,0.9,1,M_M_N,1.8347239847270902,1.821257935748183,1.8481900337059973,4.720344377820567,100000
