,n,rho,mu,distribution,mean_waiting_time,std_dev,ci_lower,ci_upper,variance,number_of_customers
0,1,0.7,1,M_M_N,0.9604934666561746,1.3970181556960253,0.6832947560464296,1.2376921772659197,1.951659727344324,100
1,1,0.7,1,M_M_N,1.796552082997998,2.274822213633324,1.614163211228511,1.978940954767485,5.174816103639616,600
2,1,0.7,1,M_M_N,1.6593965110823607,2.1645626109551004,1.5250752587078842,1.7937177634568373,4.685331296744761,1000
3,1,0.7,1,M_M_N,2.609079668850576,3.8136953649251253,2.4908584152866813,2.727300922414471,14.544272336451384,4000
4,1,0.7,1,M_M_N,2.449355710180394,3.465881012607502,2.3681497641053495,2.530561656255439,12.012331193553203,7000
5,1,0.7,1,M_M_N,2.391044716549289,3.2840033501087005,2.326671641383091,2.4554177917154876,10.784678003525167,10000
6,1,0.7,1,M_M_N,2.3068616524181453,3.1537202999650367,2.252644084975674,2.3610792198606165,9.945951730411561,13000
7,1,0.7,1,M_M_N,2.3513612940057045,3.1588669366336304,2.3024113399470623,2.4003112480643467,9.978440323357137,16000
8,1,0.7,1,M_M_N,2.3260832876177906,3.0926914625852966,2.2821052795756107,2.3700612956599705,9.56474048274798,19000
9,1,0.7,1,M_M_N,2.391044716549289,3.2840033501087005,2.326671641383091,2.4554177917154876,10.784678003525167,10000
10,1,0.7,1,M_M_N,2.3511119323642706,3.206084628067882,2.2937430670464787,2.4084807976820626,10.278978642333168,12000
11,1,0.7,1,M_M_N,2.3305519085602873,3.1728979723962953,2.2779892006043267,2.383114616516248,10.067281543236522,14000
12,1,0.7,1,M_M_N,2.3513612940057045,3.1588669366336304,2.3024113399470623,2.4003112480643467,9.978440323357137,16000
13,1,0.7,1,M_M_N,2.3440994152426944,3.1234547346306867,2.298466705296068,2.3897321251893207,9.755969479286854,18000
14,1,0.7,1,M_M_N,2.381943789059835,3.1468823170697804,2.338328387023355,2.425559191096315,9.90286831748647,20000
15,1,0.7,1,M_M_N,2.4437335321162372,3.193318895259198,2.401534456617962,2.4859326076145125,10.197285566819426,22000
16,1,0.7,1,M_M_N,2.452703811707046,3.2632395837686197,2.4114168110378316,2.4939908123762606,10.648732581074393,24000
17,1,0.7,1,M_M_N,2.4522815815385504,3.2934866616130605,2.412246792470457,2.492316370606644,10.847054390223143,26000
18,1,0.7,1,M_M_N,2.4363927061226693,3.259700676033641,2.3982100995729985,2.47457531267234,10.625648497334177,28000
19,1,0.7,1,M_M_N,2.412783653144325,3.2341037879270025,2.3761855194370747,2.4493817868515753,10.459427311083786,30000
20,1,0.7,1,M_M_N,2.4044360492646146,3.2083771496839177,2.3692820334324316,2.4395900650967977,10.2936839346139,32000
21,1,0.7,1,M_M_N,2.4004345532135845,3.204362480994317,2.366372899318305,2.434496207108864,10.267938909604053,34000
22,1,0.7,1,M_M_N,2.3779237502329194,3.177776171369793,2.345096481762847,2.410751018702992,10.098261395325661,36000
23,1,0.7,1,M_M_N,2.3560366867439857,3.1507061930438747,2.324357207573774,2.387716165914197,9.926949514885026,38000
24,1,0.8,1,M_M_N,3.8883868691469927,2.6136208755748016,3.3697877845337443,4.406985953760241,6.831014081240394,100
25,1,0.8,1,M_M_N,4.357760519827028,4.462713713435441,3.999952637371161,4.715568402282896,19.915813688084743,600
26,1,0.8,1,M_M_N,4.015238463097056,4.209059554979909,3.754046595565816,4.276430330628296,17.716182337367666,1000
27,1,0.8,1,M_M_N,3.4993387694201465,3.855313373247159,3.379827393640431,3.618850145199862,14.863441205938388,4000
28,1,0.8,1,M_M_N,3.2715385261244196,3.763512016470902,3.183359055233585,3.359717997015254,14.164022698120874,7000
29,1,0.8,1,M_M_N,3.4985497534121945,4.312695310953155,3.4140122454307518,3.5830872613936373,18.599340845117332,10000
30,1,0.8,1,M_M_N,3.5379031262562624,4.204418235561214,3.465622357018286,3.610183895494239,17.677132699519667,13000
31,1,0.8,1,M_M_N,3.4905424281412243,4.084589079010853,3.427247439217415,3.5538374170650338,16.68386794437473,16000
32,1,0.8,1,M_M_N,3.7615949191017473,4.500212435048425,3.6976019922112524,3.825587845992242,20.251911960564474,19000
33,1,0.8,1,M_M_N,3.4985497534121945,4.312695310953155,3.4140122454307518,3.5830872613936373,18.599340845117332,10000
34,1,0.8,1,M_M_N,3.5079913685619686,4.2332677706438355,3.4322423485697633,3.583740388554174,17.920556017971826,12000
35,1,0.8,1,M_M_N,3.495551077781255,4.153681653248249,3.426740558949214,3.564361596613296,17.253071276531106,14000
36,1,0.8,1,M_M_N,3.4905424281412243,4.084589079010853,3.427247439217415,3.5538374170650338,16.68386794437473,16000
37,1,0.8,1,M_M_N,3.543027283044131,4.122780606181951,3.4827947304511375,3.603259835637125,16.99731992671002,18000
38,1,0.8,1,M_M_N,3.922726878760303,4.741442275230912,3.8570110717391115,3.9884426857814947,22.48127484934689,20000
39,1,0.8,1,M_M_N,3.9338346863058566,4.704912696263461,3.871660198697628,3.9960091739140853,22.136203479461113,22000
40,1,0.8,1,M_M_N,3.980247072595784,4.79489872043019,3.9195812889175317,4.040912856274036,22.991053739183073,24000
41,1,0.8,1,M_M_N,3.981535344768682,4.737021848398593,3.9239533078586843,4.03911738167868,22.43937599220562,26000
42,1,0.8,1,M_M_N,3.970805902245758,4.705433836101145,3.9156886547848737,4.025923149706642,22.141107585925536,28000
43,1,0.8,1,M_M_N,3.9119029934795395,4.6303354446172875,3.8595046640430732,3.964301322916006,21.440006329679175,30000
44,1,0.8,1,M_M_N,3.9258270844336574,4.638774057100462,3.8750002866361184,3.9766538822311963,21.51822475282828,32000
45,1,0.8,1,M_M_N,3.9837821715024884,4.680402936423922,3.9340305388902332,4.033533804114743,21.90617164728567,34000
46,1,0.8,1,M_M_N,3.973788514258572,4.67208129528269,3.9255246785686793,4.022052349948465,21.828343629730384,36000
47,1,0.8,1,M_M_N,3.927124670831558,4.637155434127637,3.8804993557486056,3.9737499859145102,21.503210520259476,38000
48,1,0.9,1,M_M_N,5.256289107567589,3.2365151530830785,4.614094284511373,5.898483930623805,10.475030336136383,100
49,1,0.9,1,M_M_N,3.7763720279246993,3.7708363060392514,3.4740369375760616,4.078707118273337,14.219206446943748,600
50,1,0.9,1,M_M_N,4.347417012020034,3.9630231443242985,4.101492856608427,4.593341167431641,15.705552442450049,1000
51,1,0.9,1,M_M_N,13.28419468719839,14.352324783260904,12.839285048363992,13.729104326032788,205.98922668420516,4000
52,1,0.9,1,M_M_N,9.811422467384523,12.401831795654838,9.520846281887593,10.101998652881452,153.8054318877153,7000
53,1,0.9,1,M_M_N,8.78149735084921,11.002303422208046,8.565830060139632,8.997164641558786,121.05068059433087,10000
54,1,0.9,1,M_M_N,8.477375046147097,10.345753715933625,8.299514758459871,8.655235333834323,107.03461995075443,13000
55,1,0.9,1,M_M_N,8.058841236315661,9.681423729106847,7.908817428327388,8.208865044303934,93.72996542251312,16000
56,1,0.9,1,M_M_N,7.844306675981214,9.33230025859307,7.711601561103261,7.977011790859167,87.09182811653629,19000
57,1,0.9,1,M_M_N,8.78149735084921,11.002303422208046,8.565830060139632,8.997164641558786,121.05068059433087,10000
58,1,0.9,1,M_M_N,8.681683567191188,10.601263334021693,8.491987249419797,8.871379884962579,112.38678427727277,12000
59,1,0.9,1,M_M_N,8.29965313582335,10.090813868873019,8.132487186258652,8.466819085388048,101.82452453624005,14000
60,1,0.9,1,M_M_N,8.058841236315661,9.681423729106847,7.908817428327388,8.208865044303934,93.72996542251312,16000
61,1,0.9,1,M_M_N,7.866404275386469,9.400817479381612,7.729061232587894,8.003747318185045,88.37536928064685,18000
62,1,0.9,1,M_M_N,7.824001751586236,9.260958423285105,7.695646006382896,7.952357496789576,85.76535091781535,20000
63,1,0.9,1,M_M_N,7.664065975470847,9.011019154405114,7.544987145549515,7.783144805392179,81.19846620105585,22000
64,1,0.9,1,M_M_N,7.569179990227304,8.776583749354888,7.458137325466981,7.6802226549876265,77.02842230944032,24000
65,1,0.9,1,M_M_N,8.221228162107446,9.28695329945898,8.108338311736235,8.334118012478656,86.24750158633205,26000
66,1,0.9,1,M_M_N,9.026019021037278,10.214141199637481,8.906375356348688,9.145662685725869,104.3286804461318,28000
67,1,0.9,1,M_M_N,9.001151574936504,10.123379521802162,8.886592234357755,9.115710915515253,102.48281294244339,30000
68,1,0.9,1,M_M_N,8.76280162433585,9.960832116333002,8.653661322687155,8.871941925984546,99.21817644977098,32000
69,1,0.9,1,M_M_N,10.020868210077861,12.647370307428464,9.886429502643178,10.155306917512544,159.95597569322314,34000
70,1,0.9,1,M_M_N,9.887726926429458,12.414828448902878,9.759478464447206,10.01597538841171,154.12796541568824,36000
71,1,0.9,1,M_M_N,9.807241420293622,12.233986194313065,9.68423207347891,9.930250767108333,149.67041820264268,38000
72,1,0.95,1,M_M_N,1.4757901815473482,1.9508218446985064,1.0887048041849265,1.8628755589097699,3.8057058697528836,100
73,1,0.95,1,M_M_N,10.857546643064776,9.715801637330921,10.078560888332492,11.63653239779706,94.39680145596222,600
74,1,0.95,1,M_M_N,7.218508358194541,8.849217557218006,6.669372944506853,7.767643771882228,78.30865137497543,1000
75,1,0.95,1,M_M_N,21.39082991666926,18.22859335159776,20.825759309155053,21.95590052418347,332.281615577914,4000
76,1,0.95,1,M_M_N,17.728429864374576,15.825591577030702,17.357634637551946,18.099225091197205,250.4493487629851,7000
77,1,0.95,1,M_M_N,16.432502694592216,14.459524753460647,16.149066907661236,16.715938481523196,209.0778560959412,10000
78,1,0.95,1,M_M_N,14.277693254688446,13.597462019014076,14.043930826843939,14.511455682532953,184.89097335853035,13000
79,1,0.95,1,M_M_N,14.053930977337156,13.546499117866613,13.844013775132474,14.263848179541839,183.5076383503609,16000
80,1,0.95,1,M_M_N,14.5635392396227,13.50260584064625,14.371532466417483,14.755546012827919,182.32036448785422,19000
81,1,0.95,1,M_M_N,16.432502694592216,14.459524753460647,16.149066907661236,16.715938481523196,209.0778560959412,10000
82,1,0.95,1,M_M_N,14.838849177500041,13.87237508895362,14.590620415492696,15.087077939507386,192.44279060862095,12000
83,1,0.95,1,M_M_N,14.332352639479007,13.62334175928887,14.106666298314707,14.558038980643307,185.59544069038398,14000
84,1,0.95,1,M_M_N,14.053930977337156,13.546499117866613,13.844013775132474,14.263848179541839,183.5076383503609,16000
85,1,0.95,1,M_M_N,14.03382685998118,13.174670757466858,13.841348985193322,14.22630473476904,173.57194956765235,18000
86,1,0.95,1,M_M_N,14.264179987227449,13.32311213014566,14.079523291048709,14.448836683406189,177.50531683243443,20000
87,1,0.95,1,M_M_N,14.341245042107682,13.421053818805664,14.163888479251712,14.518601604963651,180.1246856072781,22000
88,1,0.95,1,M_M_N,13.714723785093527,13.11392524505724,13.54880441985237,13.880643150334684,171.9750353329496,24000
89,1,0.95,1,M_M_N,15.122527573006511,15.059198411925928,14.939471774122316,15.305583371890707,226.7794568097524,26000
90,1,0.95,1,M_M_N,14.897333332494092,14.952735330814116,14.722183996183697,15.072482668804488,223.58429387337674,28000
91,1,0.95,1,M_M_N,15.108557509715013,14.746625396797882,14.941680067495177,15.275434951934848,217.46296059348427,30000
92,1,0.95,1,M_M_N,15.081217533194296,14.576532756530188,14.921503247935819,15.240931818452774,212.47530720219757,32000
93,1,0.95,1,M_M_N,14.98449536085531,14.335409563446522,14.832113175040401,15.13687754667022,205.503967351754,34000
94,1,0.95,1,M_M_N,16.67965385623489,16.997679926755037,16.50406332618084,16.855244386288938,288.9211228924112,36000
95,1,0.95,1,M_M_N,16.564461419848964,16.73773560826676,16.39616811857915,16.732754721118777,280.15179329224105,38000
96,2,0.7,1,M_M_N,0.6083850908134592,0.8261558497372241,0.44445784664979315,0.7723123349771251,0.6825334880550349,100
97,2,0.7,1,M_M_N,1.1876102229794272,1.569238443820581,1.061793081054913,1.3134273649039414,2.4625092935644393,600
98,2,0.7,1,M_M_N,1.265597767792579,1.839835644547715,1.1514273452378776,1.3797681903472803,3.3849951989483062,1000
99,2,0.7,1,M_M_N,1.0508279093889885,1.7351712586719754,0.9970391030687781,1.104616715709199,3.0108192969212872,4000
100,2,0.7,1,M_M_N,1.0223616320937676,1.665961420214142,0.9833279858834973,1.061395278304038,2.775427453641921,7000
101,2,0.7,1,M_M_N,0.9879803370744692,1.5639283983477155,0.957324192847924,1.0186364813010145,2.445872035158451,10000
102,2,0.7,1,M_M_N,1.0971724861088794,1.6467965826324267,1.0688613816701331,1.1254835905476257,2.711938984569839,13000
103,2,0.7,1,M_M_N,1.1249116493267128,1.6649412944407795,1.0991116389090327,1.150711659744393,2.772029513934138,16000
104,2,0.7,1,M_M_N,1.0569274896740253,1.6008781397414398,1.0341630359430842,1.0796919434049663,2.562810818302013,19000
105,2,0.7,1,M_M_N,0.9879803370744692,1.5639283983477155,0.957324192847924,1.0186364813010145,2.445872035158451,10000
106,2,0.7,1,M_M_N,1.0828297190693104,1.6448673059936898,1.0533968806105019,1.1122625575281189,2.705588454326939,12000
107,2,0.7,1,M_M_N,1.0985826597274002,1.644520632871685,1.0713392820628158,1.1258260373919846,2.7044481119406876,14000
108,2,0.7,1,M_M_N,1.1249116493267128,1.6649412944407795,1.0991116389090327,1.150711659744393,2.772029513934138,16000
109,2,0.7,1,M_M_N,1.0697903532395,1.6139077906067198,1.046211658381908,1.0933690480970917,2.604698356581064,18000
110,2,0.7,1,M_M_N,1.0386887837670358,1.583327073862286,1.0167440651777337,1.0606335023563378,2.506924622825309,20000
111,2,0.7,1,M_M_N,1.0426721077193892,1.5927578717279103,1.0216241285215388,1.0637200869172396,2.536877637951222,22000
112,2,0.7,1,M_M_N,1.034326352093988,1.5745447406075996,1.0144049739388181,1.054247730249158,2.4791911401750535,24000
113,2,0.7,1,M_M_N,1.0196389051291765,1.5680844961669593,1.0005776674515827,1.0387001428067704,2.4588889871191864,26000
114,2,0.7,1,M_M_N,1.0233852019355845,1.5655521178408196,1.005047057888182,1.0417233459829869,2.4509534336758754,28000
115,2,0.7,1,M_M_N,1.0335358563322812,1.5791813749181434,1.015665344160407,1.0514063685041553,2.493813814888358,30000
116,2,0.7,1,M_M_N,1.0458934060789515,1.589029147706017,1.0284824991904766,1.0633043129674264,2.5250136322593106,32000
117,2,0.7,1,M_M_N,1.0286932173344976,1.5683877782514495,1.0120216073049697,1.0453648273640255,2.4598402229685177,34000
118,2,0.7,1,M_M_N,1.0041097668000618,1.5447414743333856,0.9881521787384272,1.0200673548616965,2.3862262225256816,36000
119,2,0.7,1,M_M_N,1.0005818986585697,1.5399192050168737,0.9850984370502339,1.0160653602669056,2.3713511579798006,38000
120,2,0.8,1,M_M_N,0.37162693992425294,0.5044219293850571,0.2715386856243983,0.47171519422410757,0.25444148284454354,100
121,2,0.8,1,M_M_N,1.328228330770024,1.636261812453523,1.1970374429264263,1.4594192186136217,2.6773527188936885,600
122,2,0.8,1,M_M_N,1.2726617777789007,1.606827849026528,1.1729505807273193,1.372372974830482,2.5818957364072186,1000
123,2,0.8,1,M_M_N,1.4884735147039305,1.8240771757294512,1.431928701949528,1.5450183274583331,3.327257543017131,4000
124,2,0.8,1,M_M_N,1.6559289229623229,2.061785927923874,1.6076210681132292,1.7042367778114165,4.250961212584912,7000
125,2,0.8,1,M_M_N,1.5783839485242483,1.9851648806024376,1.5394707214497119,1.6172971755987848,3.9408796031772906,10000
126,2,0.8,1,M_M_N,1.725421462166166,2.184994598878967,1.6878578608450632,1.762985063487269,4.774201397130257,13000
127,2,0.8,1,M_M_N,1.8087602169294268,2.2958098382902623,1.773184237198084,1.8443361966607696,5.270742813590361,16000
128,2,0.8,1,M_M_N,1.7703461328402317,2.2569619667913603,1.73825218078351,1.8024400848969533,5.093877319542725,19000
129,2,0.8,1,M_M_N,1.5783839485242483,1.9851648806024376,1.5394707214497119,1.6172971755987848,3.9408796031772906,10000
130,2,0.8,1,M_M_N,1.6810257823247439,2.145020832074613,1.642643323501969,1.7194082411475187,4.6011143700340655,12000
131,2,0.8,1,M_M_N,1.7596836832112541,2.2479878157191124,1.7224431768747197,1.7969241895477885,5.053449219621585,14000
132,2,0.8,1,M_M_N,1.8087602169294268,2.2958098382902623,1.773184237198084,1.8443361966607696,5.270742813590361,16000
133,2,0.8,1,M_M_N,1.8022923036822474,2.2869078381801904,1.7688812857804042,1.8357033215840906,5.229947460329991,18000
134,2,0.8,1,M_M_N,1.7464997167166454,2.2270868673408173,1.7156325665336407,1.77736686689965,4.959915914681935,20000
135,2,0.8,1,M_M_N,1.6924746808945976,2.1733606429809433,1.6637541512931566,1.7211952104960386,4.72349648445854,22000
136,2,0.8,1,M_M_N,1.656536440022112,2.128256834585126,1.6296094127235836,1.6834634673206406,4.5294771539583,24000
137,2,0.8,1,M_M_N,1.6503190571337394,2.135953113243787,1.6243549524829646,1.6762831617845142,4.562295701975826,26000
138,2,0.8,1,M_M_N,1.6320299159292393,2.108435123648084,1.6073326946924356,1.656727137166043,4.44549867063291,28000
139,2,0.8,1,M_M_N,1.6398853695058937,2.104817148810559,1.6160665979101752,1.6637041411016122,4.430255229927011,30000
140,2,0.8,1,M_M_N,1.6210333483196153,2.0837950471466047,1.5982013180872492,1.6438653785519814,4.342201798512721,32000
141,2,0.8,1,M_M_N,1.605965196146996,2.067340883684473,1.5839898266058536,1.6279405656881385,4.2738983293532975,34000
142,2,0.8,1,M_M_N,1.6131211438469326,2.0847349706419673,1.5915852801234933,1.634657007570372,4.346119897817564,36000
143,2,0.8,1,M_M_N,1.6120293074702312,2.0795794089487143,1.5911197118011582,1.6329389031393042,4.324650518123485,38000
144,2,0.9,1,M_M_N,2.0388598789042978,1.7819368420406843,1.6852849500548002,2.392434807753795,3.175298909021927,100
145,2,0.9,1,M_M_N,4.170189549385048,3.98998021616185,3.8502841142934794,4.490094984476617,15.919942125362962,600
146,2,0.9,1,M_M_N,3.695410800695657,3.959340393703644,3.4497151772161114,3.941106424175203,15.676376353213328,1000
147,2,0.9,1,M_M_N,4.200589009246331,4.17256810871914,4.071243011416954,4.329935007075707,17.410324621900024,4000
148,2,0.9,1,M_M_N,3.96218716880244,3.8611709867152073,3.8717195382654563,4.0526547993394235,14.908641388651288,7000
149,2,0.9,1,M_M_N,3.848460207058089,3.700831262242636,3.7759164658911146,3.9210039482250636,13.696152031592423,10000
150,2,0.9,1,M_M_N,3.5842656828454498,3.561197802830582,3.523042916180604,3.6454884495102955,12.682129790885364,13000
151,2,0.9,1,M_M_N,3.5291527180827877,3.4892717004298155,3.475082795904876,3.5832226402606997,12.175016999420375,16000
152,2,0.9,1,M_M_N,3.7523067456598134,3.805332074323693,3.6981950029941295,3.8064184883254972,14.48055219587666,19000
153,2,0.9,1,M_M_N,3.848460207058089,3.700831262242636,3.7759164658911146,3.9210039482250636,13.696152031592423,10000
154,2,0.9,1,M_M_N,3.691914218064307,3.622903810885646,3.6270868959885116,3.7567415401401028,13.125432022929736,12000
155,2,0.9,1,M_M_N,3.5842010667120934,3.5352402827355154,3.5256357412108654,3.6427663922133213,12.497923856675888,14000
156,2,0.9,1,M_M_N,3.5291527180827877,3.4892717004298155,3.475082795904876,3.5832226402606997,12.175016999420375,16000
157,2,0.9,1,M_M_N,3.8165848645525298,3.8411477970828503,3.76046688040408,3.8727028487009796,14.754416399034435,18000
158,2,0.9,1,M_M_N,3.6656850393285962,3.755834432266084,3.613629635840145,3.7177404428170475,14.106292282595497,20000
159,2,0.9,1,M_M_N,3.62363469972268,3.726577671812035,3.574388715315533,3.6728806841298267,13.887381144048009,22000
160,2,0.9,1,M_M_N,3.5885282772908194,3.673025753222313,3.5420566000392832,3.6349999545423555,13.491118183834338,24000
161,2,0.9,1,M_M_N,3.466923689304565,3.6129504617235746,3.4230055792558876,3.5108417993532424,13.05341103886859,26000
162,2,0.9,1,M_M_N,3.5045927797302725,3.6093153999787853,3.4623149500987656,3.5468706093617794,13.02715765652402,28000
163,2,0.9,1,M_M_N,3.452246600575537,3.5682385365678213,3.411867293161789,3.492625907989285,12.732326253847667,30000
164,2,0.9,1,M_M_N,3.4062128964444436,3.511772535105283,3.367734593695567,3.4446911991933202,12.332546338319785,32000
165,2,0.9,1,M_M_N,3.490766745324217,3.6693497745817303,3.4517623808729945,3.529771109775439,13.464127768222996,34000
166,2,0.9,1,M_M_N,3.4973623084813643,3.6776628925369503,3.4593710779461775,3.535353539016551,13.525204351143248,36000
167,2,0.9,1,M_M_N,3.4922126090408647,3.6748265552004225,3.4552632446200766,3.529161973461653,13.504350210806203,38000
168,2,0.95,1,M_M_N,2.014203386530419,2.3176072725275207,1.554339822821528,2.47406695023931,5.371303469672454,100
169,2,0.95,1,M_M_N,7.633038005098856,6.385822725770153,7.121040629966442,8.14503538023127,40.77873188496255,600
170,2,0.95,1,M_M_N,14.704296130920193,10.323302260986857,14.063686854330973,15.344905407509414,106.57056957169637,1000
171,2,0.95,1,M_M_N,9.765716616951611,8.494139751561251,9.502405640775569,10.029027593127653,72.15041011905302,4000
172,2,0.95,1,M_M_N,10.507528242005524,9.735600852396999,10.279422119795308,10.73563436421574,94.78192395719317,7000
173,2,0.95,1,M_M_N,11.818289212442597,10.76544759817468,11.607264772588682,12.029313652296512,115.89486198904497,10000
174,2,0.95,1,M_M_N,12.610406705190991,10.529984697726613,12.429379188095226,12.791434222286757,110.88057773435662,13000
175,2,0.95,1,M_M_N,13.253269839431818,11.053199305860984,13.081988931094632,13.424550747769004,122.17321489508575,16000
176,2,0.95,1,M_M_N,12.094173525237297,10.691610304925375,11.942139049874271,12.246208000600323,114.31053091238647,19000
177,2,0.95,1,M_M_N,11.818289212442597,10.76544759817468,11.607264772588682,12.029313652296512,115.89486198904497,10000
178,2,0.95,1,M_M_N,12.889075352379388,10.816894518543819,12.695520584873119,13.082630119885657,117.00520702530333,12000
179,2,0.95,1,M_M_N,13.633885863099819,11.072398768829409,13.45045882954211,13.817312896657526,122.59801449597501,14000
180,2,0.95,1,M_M_N,13.253269839431818,11.053199305860984,13.081988931094632,13.424550747769004,122.17321489508575,16000
181,2,0.95,1,M_M_N,12.498529642118314,10.816733424417073,12.340500504236548,12.65655878000008,117.00172197490149,18000
182,2,0.95,1,M_M_N,11.727124351832272,10.575191747927851,11.580553494321393,11.87369520934315,111.83468050544133,20000
183,2,0.95,1,M_M_N,12.160852760456192,10.988226579871288,12.015645526776982,12.306059994135403,120.74112337058988,22000
184,2,0.95,1,M_M_N,14.608858188831439,13.911144956275185,14.43285227925125,14.784864098411628,193.51995399450055,24000
185,2,0.95,1,M_M_N,14.830521974163595,13.988533336530457,14.660480908557547,15.000563039769643,195.67906490722393,26000
186,2,0.95,1,M_M_N,14.173490965975812,13.77807361117652,14.012101066720373,14.334880865231252,189.8353124349988,28000
187,2,0.95,1,M_M_N,14.0273094014285,13.417073949230515,13.875477580759336,14.179141222097664,180.0178733591201,30000
188,2,0.95,1,M_M_N,13.910713265650632,13.091182759726587,13.767273880401685,14.054152650899578,171.3790660485626,32000
189,2,0.95,1,M_M_N,13.633280681715222,12.838307625735183,13.496812353446309,13.769749009984135,164.82214269301014,34000
190,2,0.95,1,M_M_N,15.390334354012632,14.661175382601732,15.238880533977213,15.541788174048051,214.95006359940703,36000
191,2,0.95,1,M_M_N,15.317309999780159,14.530365914538729,15.171211190141397,15.46340880941892,211.1315336103889,38000
192,4,0.7,1,M_M_N,0.052665815972751495,0.12593960562203144,0.0276766659385962,0.07765496600690679,0.015860784264232815,100
193,4,0.7,1,M_M_N,0.34254450024118066,0.6649869443555505,0.2892277101221276,0.3958612903602337,0.44220763616333203,600
194,4,0.7,1,M_M_N,0.3797131906702273,0.6850586163360116,0.33720209358739595,0.42222428775305865,0.4693053078162108,1000
195,4,0.7,1,M_M_N,0.35224806348376375,0.6679244389967937,0.33154298431294427,0.37295314265458324,0.4461230562091815,4000
196,4,0.7,1,M_M_N,0.39980037595889606,0.7673433264835774,0.38182144345521185,0.41777930846258027,0.5888157806988821,7000
197,4,0.7,1,M_M_N,0.379120768823642,0.7137507514377868,0.3651298175748516,0.3931117200724324,0.5094401351780053,10000
198,4,0.7,1,M_M_N,0.3680139168836251,0.7024594817544046,0.3559374989691877,0.38009033479806253,0.49344932350666676,13000
199,4,0.7,1,M_M_N,0.35455964929871064,0.6803140631303091,0.34401746983889275,0.36510182875852853,0.46282722449287017,16000
200,4,0.7,1,M_M_N,0.3420439917564011,0.6612214559984985,0.33264143645421274,0.35144654705858946,0.4372138138727742,19000
201,4,0.7,1,M_M_N,0.379120768823642,0.7137507514377868,0.3651298175748516,0.3931117200724324,0.5094401351780053,10000
202,4,0.7,1,M_M_N,0.37094536971750797,0.7095078461950235,0.3582496162386584,0.3836411231963575,0.5034013838123012,12000
203,4,0.7,1,M_M_N,0.3577743446544559,0.6886458177825733,0.34636613382633974,0.36918255548257206,0.4742330623494292,14000
204,4,0.7,1,M_M_N,0.35455964929871064,0.6803140631303091,0.34401746983889275,0.36510182875852853,0.46282722449287017,16000
205,4,0.7,1,M_M_N,0.3433685916576595,0.663656052226487,0.33367278150238433,0.35306440181293464,0.44043935565684567,18000
206,4,0.7,1,M_M_N,0.3364741673680712,0.6541326697068292,0.32740796898508706,0.3455403657510553,0.42788954957778363,20000
207,4,0.7,1,M_M_N,0.33928144906782204,0.656033938086561,0.33061209076356834,0.34795080737207573,0.4303805279213617,22000
208,4,0.7,1,M_M_N,0.3354009835105322,0.6474799120508334,0.3272089697536774,0.343592997267387,0.419230236509355,24000
209,4,0.7,1,M_M_N,0.33377188491600773,0.6405569133425391,0.3259854374375116,0.34155833239450384,0.4103131592309211,26000
210,4,0.7,1,M_M_N,0.334767575328549,0.6399047539042308,0.32727203083661754,0.34226311982048047,0.4094780940692343,28000
211,4,0.7,1,M_M_N,0.3311010608710787,0.631935823589929,0.3239498767153687,0.33825224502678874,0.39934288513628186,30000
212,4,0.7,1,M_M_N,0.3289583114571477,0.6271184934089198,0.3220870078611463,0.3358296150531491,0.39327760477547336,32000
213,4,0.7,1,M_M_N,0.33800924145792505,0.6639619564329453,0.3309514748994319,0.3450670080164182,0.4408454795902644,34000
214,4,0.7,1,M_M_N,0.3508528278318673,0.6868436188611461,0.3437575515577073,0.35794810410602723,0.4717541567702754,36000
215,4,0.7,1,M_M_N,0.35321106045779815,0.691511854860431,0.34625810005470786,0.36016402086088845,0.4781886454125137,38000
216,4,0.8,1,M_M_N,2.204760981331348,1.2332419054114754,1.9600590319285163,2.4494629307341795,1.5208855972629263,100
217,4,0.8,1,M_M_N,1.2860789143715463,1.3494887850920068,1.1778806844160776,1.394277144327015,1.8211199810891006,600
218,4,0.8,1,M_M_N,0.9065958495528468,1.1894348176235123,0.8327858458539926,0.9804058532517009,1.4147551853750782,1000
219,4,0.8,1,M_M_N,0.8240523251865232,1.195693723872969,0.7869868552450039,0.8611177951280424,1.4296834813092076,4000
220,4,0.8,1,M_M_N,0.7943966552532342,1.1080426217368593,0.768435103468189,0.8203582070382794,1.2277584515854927,7000
221,4,0.8,1,M_M_N,0.7432067500538299,1.0319283453357369,0.7229788775888918,0.7634346225187679,1.0648761099073516,10000
222,4,0.8,1,M_M_N,0.8029763236143967,1.1186033099551669,0.7837457182878755,0.822206928940918,1.2512733650426553,13000
223,4,0.8,1,M_M_N,0.782018264798894,1.0926159655031509,0.7650870352194312,0.7989494943783568,1.1938096480723828,16000
224,4,0.8,1,M_M_N,0.7693326766125708,1.0854877465624164,0.7538970635145528,0.7847682897105888,1.1782836479371528,19000
225,4,0.8,1,M_M_N,0.7432067500538299,1.0319283453357369,0.7229788775888918,0.7634346225187679,1.0648761099073516,10000
226,4,0.8,1,M_M_N,0.7501995089261022,1.0879021167084961,0.730732864326018,0.7696661535261864,1.1835310155388266,12000
227,4,0.8,1,M_M_N,0.8032809517986866,1.1078243002693786,0.784928566796657,0.8216333368007163,1.2272746802673384,14000
228,4,0.8,1,M_M_N,0.782018264798894,1.0926159655031509,0.7650870352194312,0.7989494943783568,1.1938096480723828,16000
229,4,0.8,1,M_M_N,0.7663662726623403,1.0808187940527167,0.7505758435624603,0.7821567017622202,1.168169265577569,18000
230,4,0.8,1,M_M_N,0.7682411003261171,1.0902753353631547,0.7531300182165704,0.7833521824356638,1.1887003069012392,20000
231,4,0.8,1,M_M_N,0.8012923520078826,1.1559088935719877,0.7860172453652644,0.8165674586505008,1.336125370238817,22000
232,4,0.8,1,M_M_N,0.7897634699479801,1.1383704270339179,0.775360635164858,0.8041663047311022,1.2958872291453845,24000
233,4,0.8,1,M_M_N,0.7879764923182078,1.1364373881452083,0.7741622474773906,0.8017907371590249,1.2914899371743027,26000
234,4,0.8,1,M_M_N,0.7964781686909475,1.1358613028123392,0.7831732215406918,0.8097831158412031,1.2901808992265447,28000
235,4,0.8,1,M_M_N,0.7907125588465329,1.128474126718226,0.7779423913803619,0.8034827263127039,1.2734538546724623,30000
236,4,0.8,1,M_M_N,0.7898433175720805,1.131520478672638,0.7774453085582038,0.8022413265859571,1.280338593655556,32000
237,4,0.8,1,M_M_N,0.8138561970868702,1.1760433304057747,0.8013551204690639,0.8263572737046765,1.3830779149919064,34000
238,4,0.8,1,M_M_N,0.8064182488779885,1.1639313750823759,0.7943945298776349,0.8184419678783421,1.3547362459011503,36000
239,4,0.8,1,M_M_N,0.8049444083954855,1.160040754575519,0.7932805195180309,0.8166082972729402,1.3456945522761392,38000
240,4,0.9,1,M_M_N,1.6149581728508724,1.5121761011166734,1.3149096275006713,1.9150067182010735,2.286676560788424,100
241,4,0.9,1,M_M_N,1.052592734518806,1.023770252989722,0.9705097039088123,1.1346757651287998,1.0481055309066392,600
242,4,0.9,1,M_M_N,0.8922433525676179,0.9625248166340998,0.832514177649107,0.9519725274861288,0.9264540226365074,1000
243,4,0.9,1,M_M_N,1.616129168984104,2.0033227495133072,1.5540278986732328,1.6782304392949752,4.013302038717557,4000
244,4,0.9,1,M_M_N,1.4736260945579156,1.7761444204415897,1.4320108493999868,1.5152413397158444,3.1546890022657905,7000
245,4,0.9,1,M_M_N,1.4782198287727322,1.767325456259097,1.4435766928468394,1.512862964698625,3.1234392683414254,10000
246,4,0.9,1,M_M_N,1.5498371121433434,1.7949455493934325,1.518979086661223,1.5806951376254639,3.221829525287291,13000
247,4,0.9,1,M_M_N,1.5958677869441291,1.8107268354740333,1.5678086767672181,1.62392689712104,3.278731672705807,16000
248,4,0.9,1,M_M_N,1.6152828089563693,1.8019022080659608,1.5896597971699613,1.6409058207427774,3.246851567432985,19000
249,4,0.9,1,M_M_N,1.4782198287727322,1.767325456259097,1.4435766928468394,1.512862964698625,3.1234392683414254,10000
250,4,0.9,1,M_M_N,1.5124737315348673,1.7614745188491054,1.4809543531791325,1.5439931098906021,3.102792480554687,12000
251,4,0.9,1,M_M_N,1.600307372653804,1.8335441385566433,1.5699326029896759,1.630682142317932,3.361884108035423,14000
252,4,0.9,1,M_M_N,1.5958677869441291,1.8107268354740333,1.5678086767672181,1.62392689712104,3.278731672705807,16000
253,4,0.9,1,M_M_N,1.5822744415287233,1.7788880406117962,1.556285436122388,1.6082634469350587,3.1644426610316754,18000
254,4,0.9,1,M_M_N,1.7952480239883246,2.1003822991423076,1.766136983543476,1.8243590644331733,4.4116058025503255,20000
255,4,0.9,1,M_M_N,1.7581945718848915,2.063637741607074,1.7309240086509936,1.7854651351187893,4.258600728585144,22000
256,4,0.9,1,M_M_N,1.8076022006666714,2.049580652366761,1.7816705963226995,1.8335338050106433,4.200780850556156,24000
257,4,0.9,1,M_M_N,1.8068702086055397,2.0459388286134526,1.7820002947830726,1.8317401224280068,4.185865690428187,26000
258,4,0.9,1,M_M_N,1.789923869769083,2.0222627004880778,1.7662360319254053,1.8136117076127605,4.089546429785332,28000
259,4,0.9,1,M_M_N,1.7760574407201652,1.9908092991884325,1.7535288177398753,1.7985860637004552,3.963321665735138,30000
260,4,0.9,1,M_M_N,1.7311092315167869,1.9555494172199468,1.7096823817524633,1.7525360812811104,3.8241735231892733,32000
261,4,0.9,1,M_M_N,1.7529027107310078,1.9669615539540295,1.7319943509329259,1.7738110705290897,3.8689377547332504,34000
262,4,0.9,1,M_M_N,1.7444133830459498,1.9585317064990844,1.7241812324257628,1.7646455336661369,3.8358464453622156,36000
263,4,0.9,1,M_M_N,1.8797949178729134,2.1570839637242374,1.8581060353461738,1.901483800399653,4.653011226556266,38000
264,4,0.95,1,M_M_N,0.8463671725705731,0.7769685807095069,0.6921997497072285,1.0005345954339178,0.6036801754097455,100
265,4,0.95,1,M_M_N,1.0865408458026369,1.126212602315215,0.9962442746342143,1.1768374169710594,1.2683548256136086,600
266,4,0.95,1,M_M_N,1.3335385909163584,1.3314126317410826,1.2509181985943505,1.4161589832383663,1.7726595959597156,1000
267,4,0.95,1,M_M_N,4.821827515267697,7.184276351360345,4.599121170125748,5.044533860409645,51.61382669271551,4000
268,4,0.95,1,M_M_N,10.259182358683178,9.955904261639617,10.025914505096143,10.492450212270214,99.12002966693387,7000
269,4,0.95,1,M_M_N,8.090712683197852,9.114665213701947,7.91204690050401,8.269378465891695,83.07712195786837,10000
270,4,0.95,1,M_M_N,6.636935572238213,8.485774725829268,6.4910513403662975,6.782819804110128,72.00837269752277,13000
271,4,0.95,1,M_M_N,5.803324285154454,7.885874450424455,5.681124395192685,5.925524175116222,62.187015847857204,16000
272,4,0.95,1,M_M_N,5.579258329507112,7.387817315321618,5.474203721494008,5.6843129375202155,54.57984468456591,19000
273,4,0.95,1,M_M_N,8.090712683197852,9.114665213701947,7.91204690050401,8.269378465891695,83.07712195786837,10000
274,4,0.95,1,M_M_N,7.093969970947389,8.669576765055051,6.938838762793213,7.249101179101564,75.16156128518242,12000
275,4,0.95,1,M_M_N,6.309121445917967,8.28009907365943,6.171952071660879,6.446290820175054,68.56004066961576,14000
276,4,0.95,1,M_M_N,5.803324285154454,7.885874450424455,5.681124395192685,5.925524175116222,62.187015847857204,16000
277,4,0.95,1,M_M_N,5.4452604683004635,7.546492589787603,5.335008539996191,5.555512396604736,56.949550407719215,18000
278,4,0.95,1,M_M_N,5.747139756708614,7.268855076707166,5.646394318979408,5.847885194437819,52.836254126171546,20000
279,4,0.95,1,M_M_N,5.550181494857025,6.996386363134298,5.457725637475752,5.642637352238298,48.949422142251564,22000
280,4,0.95,1,M_M_N,5.262058831646536,6.793080307498138,5.176111752370855,5.348005910922217,46.145940064118996,24000
281,4,0.95,1,M_M_N,5.007417553771045,6.603403697354874,4.927148252171508,5.087686855370582,43.60494039024003,26000
282,4,0.95,1,M_M_N,4.991177078099858,6.459520935502268,4.91551327614619,5.066840880053525,41.725410716192094,28000
283,4,0.95,1,M_M_N,4.897459929190705,6.31480323076874,4.82599963350156,4.9689202248798505,39.87673984332731,30000
284,4,0.95,1,M_M_N,4.74237125590755,6.167605788463895,4.674793131074039,4.8099493807410605,38.039361161893346,32000
285,4,0.95,1,M_M_N,4.595557124981973,6.032459901300158,4.531433430326966,4.659680819636979,36.39057246079432,34000
286,4,0.95,1,M_M_N,4.536372370925629,5.959906682063493,4.47480495832075,4.597939783530508,35.52048765890507,36000
287,4,0.95,1,M_M_N,4.819919269001334,6.043833488833099,4.75915019521704,4.880688342785628,36.52792324074046,38000
